Games,At-bat,Runs,Hits,Double,Triple,HR,RBI,Walk,Strikeouts,stolen base ,Caught stealing,AVG,predicted_OPS,actual_OPS,error
2488.0,9350.0,1410.0,2711.0,434.0,88.0,426.0,1475.0,1045.0,1046.0,90.0,49.0,0.29,0.8390862196914003,0.853,0.013913780308599688
1415.0,4879.0,723.0,1323.0,228.0,58.0,79.0,616.0,851.0,495.0,32.0,29.111971403812824,0.271,0.7528795001598868,0.774,0.021120499840113216
2158.0,7573.0,986.0,2004.0,397.0,23.0,253.0,1110.0,945.0,1279.0,53.0,51.0,0.265,0.8063925614822861,0.769,-0.03739256148228609
1458.0,4255.0,388.0,1312.0,244.0,22.0,77.0,647.0,386.0,326.0,6.0,29.111971403812824,0.308,0.7843931384804536,0.799,0.014606861519546488
940.0,3104.0,465.0,804.0,129.0,20.0,105.0,423.0,378.0,712.0,78.0,40.0,0.259,0.7587548887677142,0.756,-0.0027548887677142364
1726.0,5812.0,768.0,1713.0,309.0,22.0,76.0,629.0,555.0,605.0,47.0,35.0,0.295,0.7583295911926592,0.755,-0.003329591192659187
1110.0,4150.0,554.0,1124.0,254.0,17.0,84.0,440.0,299.0,570.0,119.0,38.0,0.271,0.7220771485896826,0.725,0.0029228514103173397
1567.0,5437.0,654.0,1421.0,254.0,21.0,169.0,736.0,641.0,563.0,24.0,34.0,0.261,0.7548013703897372,0.745,-0.009801370389737163
1168.0,4058.0,581.0,1128.0,179.0,25.0,130.0,634.0,576.0,605.0,39.0,24.0,0.278,0.8026966938708767,0.798,-0.004696693870876678
1232.0,4242.0,664.0,1172.0,220.0,48.0,132.0,485.0,390.0,879.0,173.0,65.0,0.276,0.7702263095209048,0.783,0.012773690479095268
1354.0,5114.0,734.0,1336.0,264.0,58.0,103.0,532.0,488.0,824.0,196.0,86.0,0.261,0.7332454822886729,0.727,-0.006245482288672943
1863.0,6920.0,1239.0,2051.0,396.0,95.0,288.0,1283.0,1075.0,851.0,96.0,64.0,0.296,0.867208965975325,0.899,0.03179103402467498
2601.0,10230.0,1335.0,2677.0,394.0,92.0,83.0,791.0,736.0,742.0,506.0,136.0,0.262,0.6753158084115755,0.654,-0.021315808411575432
1270.0,4268.0,578.0,1105.0,149.0,47.0,67.0,443.0,480.0,416.0,38.0,44.0,0.259,0.7138490555428488,0.697,-0.01684905554284888
1396.0,4534.0,656.0,1312.0,293.0,9.0,164.0,664.0,464.0,771.0,41.0,10.0,0.289,0.8282486387572648,0.832,0.0037513612427351184
1031.0,3104.0,308.0,754.0,109.0,10.0,24.0,239.0,207.0,219.0,11.0,24.0,0.243,0.6147681905405811,0.599,-0.015768190540581095
1556.0,5422.0,794.0,1503.0,283.0,19.0,171.0,754.0,520.0,953.0,93.0,55.0,0.277,0.7756939013572067,0.781,0.0053060986427933
1444.0,4553.0,595.0,1168.0,216.0,26.0,122.0,576.0,589.0,763.0,86.0,42.0,0.257,0.7402200538940072,0.739,-0.0012200538940072558
1117.0,4473.0,873.0,1309.0,308.0,33.0,214.0,650.0,522.0,696.0,158.0,34.0,0.293,0.8664142902903134,0.889,0.022585709709686652
1417.0,5531.0,850.0,1527.0,367.0,39.0,97.0,542.0,609.0,844.0,285.0,73.0,0.276,0.7660838969357543,0.756,-0.010083896935754288
1306.0,4583.0,611.0,1224.0,238.0,22.0,149.0,609.0,460.0,931.0,32.0,22.0,0.267,0.7729066436951757,0.764,-0.008906643695175687
1540.0,5562.0,692.0,1415.0,221.0,40.0,106.0,556.0,462.0,558.0,40.0,38.0,0.254,0.6983268514343072,0.679,-0.019326851434307124
974.0,2947.0,394.0,699.0,104.0,20.0,112.0,382.0,456.0,444.0,24.0,24.0,0.237,0.739850301428877,0.742,0.0021496985711230154
1988.0,6868.0,973.0,1875.0,396.0,61.0,215.0,884.0,749.0,1024.0,58.0,76.0,0.273,0.7829243399314207,0.797,0.014075660068579299
1171.0,4314.0,626.0,1220.0,225.0,24.0,87.0,454.0,362.0,854.0,190.0,44.0,0.283,0.7496802278491346,0.75,0.0003197721508654272
881.0,3687.0,728.0,1101.0,170.0,98.0,56.0,542.0,237.0,124.0,19.0,0.0,0.299,0.7911974273221196,0.79,-0.001197427322119582
1273.0,4244.0,633.0,1171.0,214.0,23.0,100.0,445.0,463.0,853.0,78.0,37.0,0.276,0.776833697954325,0.76,-0.01683369795432499
930.0,3463.0,623.0,969.0,217.0,19.0,172.0,502.0,462.0,938.0,44.0,20.0,0.28,0.8489400058085129,0.879,0.030059994191487083
1087.0,4284.0,536.0,996.0,145.0,115.0,25.0,404.0,137.0,260.0,150.0,0.0,0.232,0.6073079479431008,0.596,-0.01130794794310086
1008.0,2982.0,248.0,733.0,111.0,20.0,21.0,278.0,243.0,505.0,10.0,19.0,0.246,0.6283639695055102,0.629,0.0006360304944897921
944.0,2505.0,289.0,593.0,123.0,8.0,54.0,274.0,361.0,593.0,5.0,7.0,0.237,0.6742165819827648,0.692,0.017783418017235153
891.0,3359.0,509.0,935.0,186.0,9.0,155.0,553.0,409.0,785.0,33.0,9.0,0.278,0.8141717365539647,0.835,0.020828263446035278
810.0,2703.0,336.0,677.0,120.0,21.0,122.0,427.0,314.0,712.0,18.0,14.0,0.25,0.7704100104460201,0.775,0.004589989553979934
1549.0,5849.0,1072.0,1606.0,266.0,87.0,60.0,977.0,803.0,384.0,265.0,29.111971403812824,0.275,0.7515713981764729,0.747,-0.004571398176472896
1955.0,6839.0,1064.0,1700.0,383.0,59.0,278.0,968.0,867.0,1901.0,297.0,83.0,0.249,0.7974799577069897,0.782,-0.015479957706989622
1135.0,4533.0,784.0,1253.0,186.0,91.0,31.0,749.0,300.0,136.0,280.0,29.111971403812824,0.276,0.7094779493208608,0.701,-0.008477949320860878
1927.0,7214.0,1009.0,2142.0,348.0,32.0,104.0,723.0,429.0,538.0,81.0,30.0,0.297,0.748207828984547,0.74,-0.008207828984546972
843.0,2708.0,356.0,648.0,100.0,3.0,176.0,460.0,236.0,744.0,16.0,16.0,0.239,0.7748271904562071,0.779,0.004172809543792955
1525.0,4778.0,580.0,1358.0,252.0,32.0,32.0,621.0,356.0,280.0,86.0,9.0,0.284,0.7113308618119859,0.706,-0.005330861811985943
819.0,2707.0,331.0,638.0,145.0,23.0,68.0,305.0,203.0,578.0,36.0,21.0,0.236,0.6686192678387237,0.672,0.003380732161276323
1059.0,2934.0,405.0,682.0,143.0,8.0,194.0,467.0,403.0,1118.0,16.0,4.0,0.232,0.7737746071355162,0.814,0.04022539286448379
843.0,2571.0,311.0,620.0,114.0,12.0,74.0,281.0,191.0,823.0,95.0,30.0,0.241,0.6736282487431573,0.677,0.0033717512568427477
1304.0,4612.0,671.0,1187.0,238.0,39.0,119.0,458.0,439.0,987.0,103.0,62.0,0.257,0.7266673575983712,0.732,0.005332642401628784
971.0,2761.0,274.0,615.0,145.0,11.0,72.0,298.0,254.0,546.0,6.0,11.0,0.223,0.6532366590849236,0.649,-0.004236659084923544
1891.0,6792.0,850.0,1789.0,360.0,33.0,256.0,992.0,529.0,1359.0,30.0,36.0,0.263,0.7901377738841312,0.757,-0.033137773884131194
1933.0,7649.0,972.0,2150.0,344.0,182.0,74.0,992.0,689.0,545.0,255.0,5.0,0.281,0.7475945165370407,0.749,0.0014054834629593227
1833.0,6913.0,951.0,2092.0,356.0,56.0,87.0,671.0,594.0,404.0,68.0,56.0,0.303,0.7697287852851947,0.765,-0.004728785285194714
1279.0,4677.0,619.0,1247.0,233.0,37.0,87.0,491.0,201.0,913.0,174.0,57.0,0.267,0.6887688130422277,0.688,-0.0007688130422277561
969.0,3054.0,370.0,808.0,133.0,48.0,44.0,321.0,221.0,474.0,21.0,6.0,0.265,0.6952237995319113,0.698,0.0027762004680886854
1385.0,4338.0,620.0,1147.0,189.0,35.0,76.0,418.0,588.0,768.0,250.0,118.0,0.264,0.7281590982228003,0.731,0.0028409017771996448
1014.0,3195.0,468.0,881.0,181.0,62.0,70.0,541.0,319.0,359.0,54.0,27.0,0.276,0.7731485419138766,0.781,0.00785145808612342
2089.0,6705.0,1046.0,1820.0,241.0,41.0,377.0,1103.0,1043.0,1091.0,43.0,30.0,0.271,0.8531805030422118,0.862,0.008819496957788164
991.0,3733.0,543.0,1147.0,196.0,53.0,72.0,509.0,163.0,189.0,32.0,4.0,0.307,0.7901269300970609,0.787,-0.003126930097060887
1423.0,5344.0,696.0,1558.0,229.0,32.0,113.0,701.0,438.0,571.0,48.0,50.0,0.292,0.7782659295571601,0.756,-0.022265929557160113
1988.0,6907.0,1355.0,2160.0,471.0,62.0,383.0,1311.0,913.0,1231.0,230.0,76.0,0.313,0.957349523311318,0.965,0.0076504766886820175
856.0,5821.0,718.0,1364.0,232.0,68.0,31.0,621.0,616.0,100.0,328.0,29.111971403812824,0.234,0.659019087474211,0.63,-0.029019087474211003
1244.0,4392.0,604.0,1059.0,212.0,15.0,218.0,640.0,438.0,1085.0,73.0,38.0,0.241,0.7620390843563568,0.763,0.0009609156436432009
1802.0,6636.0,930.0,1941.0,374.0,51.0,140.0,1075.0,800.0,590.0,61.0,59.0,0.292,0.7961888378900968,0.798,0.001811162109903286
3001.0,11551.0,1647.0,3184.0,603.0,44.0,431.0,1695.0,1129.0,1305.0,36.0,39.0,0.276,0.8239777199203301,0.787,-0.036977719920330054
1044.0,3725.0,603.0,1063.0,165.0,20.0,192.0,717.0,587.0,385.0,39.0,33.0,0.285,0.846144078583015,0.879,0.03285592141698501
2089.0,8225.0,1249.0,2452.0,373.0,79.0,382.0,1451.0,670.0,1423.0,58.0,34.0,0.298,0.8940420716104099,0.854,-0.04004207161040996
832.0,2569.0,296.0,705.0,139.0,8.0,105.0,355.0,178.0,668.0,6.0,6.0,0.274,0.7553643925140673,0.788,0.03263560748593275
1002.0,3091.0,485.0,778.0,132.0,31.0,133.0,415.0,383.0,756.0,65.0,40.0,0.252,0.7582889154649449,0.791,0.03271108453505511
1613.0,5170.0,909.0,1488.0,273.0,58.0,98.0,533.0,623.0,849.0,370.0,140.0,0.288,0.7806402436004855,0.791,0.010359756399514586
1660.0,6262.0,805.0,1731.0,319.0,20.0,196.0,879.0,556.0,1212.0,76.0,30.0,0.276,0.7745008766108713,0.764,-0.01050087661087129
1175.0,4715.0,834.0,1281.0,221.0,112.0,48.0,672.0,389.0,643.0,203.0,29.111971403812824,0.272,0.7292518092372459,0.729,-0.00025180923724588133
1036.0,3090.0,389.0,739.0,128.0,24.0,70.0,313.0,182.0,671.0,98.0,40.0,0.239,0.6626179256985628,0.645,-0.017617925698562797
834.0,3013.0,350.0,759.0,119.0,16.0,26.0,287.0,257.0,175.0,29.0,38.0,0.252,0.6417577689572479,0.641,-0.0007577689572478841
1212.0,4218.0,534.0,1155.0,257.0,10.0,150.0,610.0,335.0,571.0,8.0,7.0,0.274,0.7704481962388706,0.783,0.01255180376112941
2008.0,6890.0,1033.0,1833.0,320.0,47.0,224.0,864.0,1087.0,1278.0,104.0,83.0,0.266,0.8002340128400338,0.795,-0.005234012840033775
1331.0,4415.0,643.0,1103.0,215.0,38.0,147.0,579.0,534.0,817.0,143.0,84.0,0.25,0.7502833913511562,0.746,-0.004283391351156185
1748.0,4703.0,578.0,1254.0,215.0,38.0,102.0,531.0,429.0,632.0,50.0,54.0,0.267,0.7153311795708495,0.723,0.0076688204291505135
1789.0,6300.0,930.0,1969.0,343.0,72.0,202.0,1209.0,678.0,289.0,36.0,29.0,0.313,0.8762760170659328,0.868,-0.00827601706593284
812.0,2562.0,297.0,687.0,126.0,11.0,83.0,438.0,196.0,330.0,16.0,13.0,0.268,0.7399793822887112,0.743,0.003020617711288809
1110.0,3467.0,440.0,950.0,203.0,16.0,104.0,472.0,316.0,575.0,54.0,28.0,0.274,0.7650585858620782,0.765,-5.85858620781865e-05
1055.0,2891.0,398.0,778.0,110.0,23.0,18.0,225.0,189.0,494.0,133.0,51.0,0.269,0.6681186496697441,0.658,-0.010118649669744073
1806.0,6594.0,920.0,2008.0,348.0,34.0,163.0,860.0,605.0,510.0,174.0,90.0,0.305,0.806149689304729,0.807,0.0008503106952710837
922.0,3071.0,311.0,778.0,116.0,36.0,37.0,273.0,163.0,550.0,35.0,19.0,0.253,0.6498356717691489,0.642,-0.0078356717691489
1622.0,5722.0,722.0,1469.0,216.0,55.0,78.0,506.0,314.0,812.0,135.0,63.0,0.257,0.6734592226490413,0.651,-0.02245922264904132
1042.0,3543.0,497.0,958.0,179.0,53.0,58.0,436.0,317.0,401.0,31.0,10.0,0.27,0.7160920278607384,0.733,0.01690797213926154
1205.0,9031.0,1589.0,2458.0,413.0,163.0,84.0,1233.0,1064.0,269.0,547.0,29.111971403812824,0.272,0.7594987616179588,0.74,-0.019498761617958826
1080.0,2519.0,326.0,593.0,126.0,25.0,48.0,294.0,303.0,600.0,26.0,15.0,0.235,0.6596770648505206,0.682,0.022322935149479473
2164.0,8001.0,1888.0,2721.0,534.0,163.0,493.0,1995.0,1508.0,790.0,102.0,101.0,0.34,1.0124997537795193,1.079,0.06650024622048067
986.0,2911.0,281.0,733.0,123.0,23.0,56.0,373.0,250.0,322.0,14.0,0.0,0.252,0.6707661048149368,0.682,0.011233895185063236
1413.0,5472.0,818.0,1682.0,335.0,92.0,65.0,874.0,514.0,272.0,23.0,24.0,0.307,0.8049610305713961,0.807,0.0020389694286039317
1994.0,7525.0,1075.0,2217.0,255.0,94.0,18.0,517.0,464.0,479.0,614.0,203.0,0.295,0.7284142550234315,0.704,-0.02441425502343153
2606.0,8996.0,1470.0,2446.0,483.0,73.0,385.0,1384.0,1391.0,1697.0,78.0,59.0,0.272,0.8203875086710157,0.84,0.01961249132898424
1391.0,4121.0,494.0,1162.0,232.0,30.0,86.0,503.0,245.0,704.0,55.0,38.0,0.282,0.7383351912671726,0.74,0.001664808732827372
876.0,3221.0,464.0,849.0,139.0,23.0,166.0,516.0,287.0,629.0,20.0,23.0,0.264,0.7959967243172299,0.803,0.007003275682770149
2016.0,7629.0,1131.0,2165.0,442.0,71.0,79.0,710.0,748.0,627.0,109.0,3.0,0.284,0.7500368097951347,0.746,-0.004036809795134655
1832.0,6449.0,1080.0,1651.0,302.0,50.0,321.0,1008.0,770.0,1411.0,243.0,102.0,0.256,0.7989978220064216,0.804,0.005002177993578494
1384.0,4136.0,422.0,1053.0,150.0,23.0,58.0,343.0,298.0,569.0,45.0,46.0,0.255,0.6590205140483855,0.652,-0.00702051404838544
1346.0,4851.0,570.0,1344.0,251.0,54.0,84.0,642.0,414.0,421.0,55.0,8.0,0.277,0.7423263178996661,0.743,0.0006736821003339166
1267.0,5074.0,930.0,1317.0,159.0,79.0,30.0,517.0,471.0,357.0,329.0,29.111971403812824,0.26,0.6839638168727872,0.665,-0.018963816872787143
1854.0,6822.0,902.0,1884.0,349.0,28.0,320.0,1105.0,423.0,1069.0,33.0,43.0,0.276,0.784682577105224,0.797,0.012317422894775998
1550.0,5747.0,832.0,1588.0,315.0,64.0,135.0,794.0,712.0,634.0,32.0,31.0,0.276,0.776915917031933,0.781,0.00408408296806706
1902.0,6523.0,844.0,1726.0,264.0,78.0,151.0,706.0,715.0,1097.0,76.0,40.0,0.265,0.7549899117366022,0.736,-0.01898991173660225
1759.0,6357.0,851.0,1861.0,271.0,44.0,85.0,636.0,444.0,609.0,88.0,73.0,0.293,0.741891636093661,0.731,-0.010891636093661061
1276.0,4214.0,458.0,1118.0,190.0,33.0,42.0,344.0,369.0,681.0,40.0,26.0,0.265,0.6790708408916483,0.679,-7.084089164821616e-05
1203.0,4095.0,506.0,1010.0,225.0,12.0,152.0,558.0,358.0,833.0,6.0,12.0,0.247,0.7397938684518233,0.737,-0.002793868451823278
1068.0,3656.0,439.0,902.0,178.0,13.0,149.0,488.0,226.0,992.0,28.0,19.0,0.247,0.7282916047183073,0.716,-0.01229160471830737
1220.0,3049.0,349.0,793.0,125.0,33.0,21.0,305.0,241.0,376.0,89.0,68.0,0.26,0.6676463647870037,0.656,-0.011646364787003649
987.0,4063.0,598.0,1059.0,157.0,71.0,28.0,532.0,134.0,257.0,147.0,29.111971403812824,0.261,0.6553621726390837,0.642,-0.01336217263908368
1184.0,2879.0,364.0,798.0,123.0,34.0,115.0,470.0,224.0,416.0,12.0,17.0,0.277,0.7710589003857127,0.792,0.020941099614287362
822.0,2996.0,415.0,835.0,194.0,32.0,82.0,338.0,271.0,513.0,46.0,14.0,0.279,0.7623856652761876,0.788,0.02561433472381247
1320.0,4992.0,698.0,1507.0,292.0,47.0,88.0,581.0,480.0,122.0,40.0,0.0,0.302,0.8010208011284949,0.798,-0.003020801128494899
2349.0,8393.0,1162.0,2340.0,410.0,8.0,439.0,1412.0,921.0,1391.0,9.0,4.0,0.279,0.8486649293320956,0.84,-0.008664929332095617
2180.0,7960.0,1197.0,2111.0,350.0,39.0,398.0,1266.0,986.0,1748.0,161.0,68.0,0.265,0.8259683886202169,0.815,-0.010968388620216984
1439.0,5278.0,739.0,1557.0,285.0,35.0,74.0,613.0,669.0,617.0,80.0,49.0,0.295,0.786600500795857,0.779,-0.007600500795856946
1151.0,3930.0,595.0,1139.0,213.0,30.0,48.0,570.0,904.0,261.0,46.0,28.0,0.29,0.8098206521498406,0.82,0.010179347850159393
2391.0,8537.0,1509.0,2315.0,354.0,72.0,512.0,1453.0,1444.0,1487.0,68.0,39.0,0.271,0.8691756197275932,0.885,0.015824380272406846
964.0,3253.0,419.0,882.0,141.0,33.0,61.0,487.0,347.0,290.0,13.0,11.0,0.271,0.7260792303904506,0.737,0.010920769609549352
830.0,3055.0,435.0,782.0,162.0,13.0,102.0,413.0,291.0,820.0,58.0,23.0,0.256,0.741751690442899,0.74,-0.0017516904428990232
1354.0,4441.0,545.0,1084.0,214.0,22.0,70.0,448.0,539.0,640.0,35.0,35.0,0.244,0.689265833186143,0.677,-0.012265833186142938
1801.0,6189.0,726.0,1696.0,262.0,38.0,47.0,568.0,383.0,501.0,137.0,78.0,0.274,0.6878910988663338,0.67,-0.017891098866333777
1076.0,3367.0,320.0,831.0,174.0,3.0,102.0,476.0,248.0,637.0,13.0,13.0,0.247,0.7101874925683862,0.69,-0.020187492568386256
1725.0,5780.0,645.0,1396.0,200.0,33.0,162.0,654.0,470.0,931.0,41.0,28.0,0.242,0.7191500995659343,0.671,-0.0481500995659343
1068.0,4236.0,680.0,1172.0,233.0,23.0,184.0,582.0,406.0,731.0,125.0,37.0,0.277,0.799642776874066,0.815,0.015357223125933905
890.0,3068.0,428.0,824.0,166.0,21.0,69.0,376.0,227.0,460.0,27.0,15.0,0.269,0.7304348433466413,0.722,-0.008434843346641352
1019.0,3477.0,450.0,1010.0,165.0,51.0,25.0,272.0,258.0,258.0,30.0,20.0,0.29,0.7298963984284923,0.731,0.0011036015715076841
1942.0,6962.0,1081.0,1959.0,432.0,30.0,331.0,1078.0,874.0,1622.0,104.0,48.0,0.281,0.8472512962615747,0.86,0.012748703738425293
1035.0,3595.0,556.0,959.0,175.0,51.0,67.0,428.0,503.0,427.0,59.0,0.0,0.267,0.7488108257173759,0.76,0.011189174282624115
1392.0,4692.0,603.0,1254.0,218.0,42.0,153.0,610.0,449.0,635.0,39.0,38.0,0.267,0.7613710746142437,0.762,0.0006289253857563182
2006.0,7310.0,1084.0,2087.0,436.0,60.0,199.0,976.0,664.0,938.0,550.0,179.0,0.285,0.7845582068446726,0.79,0.005441793155327446
1860.0,6136.0,780.0,1594.0,299.0,82.0,109.0,738.0,564.0,842.0,225.0,105.0,0.26,0.7012477591669973,0.712,0.010752240833002635
911.0,2924.0,347.0,734.0,178.0,12.0,122.0,400.0,265.0,680.0,28.0,10.0,0.251,0.7400326368591194,0.757,0.016967363140880654
1203.0,3456.0,495.0,835.0,157.0,14.0,162.0,526.0,417.0,1088.0,50.0,24.0,0.242,0.7567337416588754,0.769,0.012266258341124603
1192.0,3693.0,313.0,971.0,147.0,11.0,77.0,443.0,305.0,361.0,4.0,13.0,0.263,0.7137449587555895,0.689,-0.024744958755589574
817.0,2928.0,399.0,835.0,169.0,7.0,99.0,488.0,291.0,449.0,8.0,4.0,0.285,0.8031390738909702,0.799,-0.004139073890970124
1427.0,5314.0,810.0,1578.0,249.0,36.0,107.0,582.0,483.0,858.0,91.0,46.0,0.297,0.7907952255254724,0.774,-0.016795225525472413
2154.0,7731.0,1169.0,2207.0,281.0,147.0,41.0,585.0,425.0,1144.0,668.0,134.0,0.285,0.7003463462636401,0.702,0.0016536537363598391
1217.0,4188.0,584.0,1131.0,209.0,6.0,208.0,743.0,449.0,1019.0,18.0,5.0,0.27,0.7969895424453852,0.815,0.018010457554614723
2499.0,8756.0,1276.0,2356.0,421.0,47.0,376.0,1330.0,849.0,1386.0,128.0,58.0,0.269,0.7988521612564559,0.798,-0.000852161256455819
972.0,3035.0,462.0,963.0,201.0,64.0,47.0,517.0,413.0,188.0,36.0,16.0,0.317,0.8477533665929115,0.876,0.02824663340708855
1831.0,6660.0,1008.0,1926.0,401.0,88.0,120.0,996.0,675.0,558.0,126.0,91.0,0.289,0.7850839965262354,0.787,0.001916003473764638
2324.0,7859.0,912.0,2006.0,407.0,58.0,160.0,886.0,412.0,1035.0,178.0,83.0,0.255,0.7038343886056558,0.676,-0.02783438860565579
2404.0,8352.0,1506.0,2234.0,408.0,59.0,548.0,1595.0,1507.0,1883.0,174.0,91.0,0.267,0.9000710646342923,0.907,0.006928935365707711
1623.0,5993.0,819.0,1778.0,337.0,76.0,148.0,1020.0,386.0,694.0,65.0,43.0,0.297,0.8010881717464751,0.794,-0.007088171746475025
1225.0,4644.0,599.0,1285.0,308.0,35.0,181.0,658.0,325.0,1166.0,21.0,18.0,0.277,0.7828793837021886,0.802,0.019120616297811477
1539.0,5765.0,696.0,1701.0,303.0,56.0,93.0,927.0,400.0,438.0,45.0,29.111971403812824,0.295,0.7599431241960386,0.758,-0.0019431241960385925
1754.0,5913.0,784.0,1615.0,277.0,33.0,235.0,901.0,560.0,852.0,87.0,70.0,0.273,0.7921623019224848,0.786,-0.006162301922484792
1147.0,3912.0,564.0,988.0,216.0,15.0,195.0,632.0,553.0,1036.0,35.0,9.0,0.253,0.7851113104606768,0.823,0.03788868953932312
1798.0,5673.0,712.0,1440.0,296.0,50.0,111.0,604.0,367.0,1121.0,108.0,96.0,0.254,0.6901841857341723,0.684,-0.006184185734172232
826.0,2775.0,470.0,730.0,126.0,5.0,141.0,490.0,430.0,686.0,36.0,17.0,0.263,0.8140615992988757,0.834,0.019938400701124293
1153.0,3622.0,337.0,856.0,129.0,29.0,56.0,331.0,305.0,833.0,16.0,17.0,0.236,0.6260711345570679,0.63,0.003928865442932139
1786.0,6560.0,1064.0,1990.0,322.0,80.0,18.0,552.0,748.0,345.0,131.0,110.0,0.303,0.769902578796939,0.763,-0.006902578796939007
970.0,2775.0,314.0,658.0,121.0,12.0,77.0,350.0,258.0,413.0,5.0,7.0,0.237,0.6844442363405189,0.687,0.0025557636594811806
1101.0,4147.0,660.0,1098.0,252.0,47.0,150.0,518.0,483.0,952.0,143.0,47.0,0.265,0.7866286188667763,0.806,0.019371381133223786
920.0,2669.0,387.0,640.0,153.0,15.0,99.0,335.0,280.0,600.0,13.0,5.0,0.24,0.7315295314102443,0.735,0.0034704685897556375
1475.0,4992.0,735.0,1415.0,220.0,43.0,202.0,805.0,731.0,356.0,19.0,5.0,0.283,0.8364671703013912,0.843,0.0065328296986088
1073.0,3453.0,449.0,904.0,211.0,13.0,132.0,508.0,282.0,800.0,33.0,13.0,0.262,0.7611259423406584,0.767,0.005874057659341569
1265.0,3824.0,562.0,1113.0,262.0,37.0,84.0,457.0,331.0,492.0,45.0,27.0,0.291,0.7703562917659843,0.802,0.031643708234015744
903.0,2527.0,325.0,667.0,107.0,2.0,90.0,387.0,337.0,581.0,7.0,7.0,0.264,0.7540408578704817,0.777,0.02295914212951833
1117.0,3907.0,477.0,1087.0,208.0,49.0,27.0,514.0,420.0,415.0,117.0,5.0,0.278,0.7256671510435893,0.73,0.004332848956410729
1978.0,6951.0,755.0,1830.0,323.0,41.0,217.0,920.0,430.0,1270.0,91.0,69.0,0.263,0.7442808531753978,0.722,-0.022280853175397852
1877.0,7552.0,1180.0,2138.0,387.0,131.0,145.0,719.0,589.0,914.0,517.0,127.0,0.283,0.7527909193170872,0.761,0.008209080682912817
2440.0,9180.0,1513.0,3010.0,578.0,61.0,118.0,1014.0,1412.0,745.0,24.0,35.0,0.328,0.8590269965537076,0.858,-0.0010269965537076375
2084.0,7218.0,940.0,2091.0,484.0,66.0,191.0,1097.0,648.0,779.0,109.0,78.0,0.29,0.7811520890787569,0.805,0.023847910921243165
1615.0,5779.0,872.0,1548.0,244.0,74.0,80.0,561.0,754.0,1061.0,463.0,147.0,0.268,0.7311481889594658,0.729,-0.00214818895946578
1716.0,5641.0,798.0,1509.0,293.0,19.0,189.0,877.0,760.0,1142.0,20.0,23.0,0.268,0.7834652107660467,0.784,0.0005347892339533367
839.0,3179.0,516.0,853.0,202.0,27.0,174.0,516.0,298.0,987.0,113.0,30.0,0.268,0.8104576710364351,0.849,0.03854232896356491
2260.0,7267.0,1227.0,2010.0,405.0,9.0,440.0,1441.0,1366.0,1572.0,20.0,12.0,0.277,0.8583943206404331,0.915,0.05660567935956695
1435.0,4997.0,414.0,1342.0,223.0,21.0,34.0,477.0,231.0,301.0,33.0,40.0,0.269,0.6535254374879714,0.642,-0.011525437487971413
1010.0,3445.0,446.0,901.0,121.0,35.0,164.0,529.0,363.0,787.0,13.0,18.0,0.262,0.7886224040509696,0.792,0.003377595949030421
1515.0,5621.0,629.0,1487.0,195.0,89.0,25.0,653.0,300.0,242.0,271.0,68.0,0.265,0.652780035510013,0.649,-0.0037800355100129357
1653.0,5657.0,745.0,1454.0,244.0,25.0,163.0,694.0,770.0,908.0,27.0,34.0,0.257,0.7551656059557545,0.74,-0.015165605955754557
1991.0,7044.0,1145.0,2093.0,453.0,22.0,342.0,1106.0,1338.0,1578.0,80.0,29.0,0.297,0.9132394892098643,0.925,0.011760510790135736
2292.0,8198.0,1236.0,2135.0,366.0,28.0,338.0,1276.0,805.0,1069.0,285.0,120.0,0.26,0.7926973255845294,0.778,-0.014697325584529408
814.0,2591.0,304.0,620.0,128.0,10.0,99.0,376.0,120.0,620.0,27.0,13.0,0.239,0.7037362854525484,0.685,-0.01873628545254835
939.0,3071.0,322.0,799.0,157.0,7.0,71.0,388.0,267.0,339.0,14.0,9.0,0.26,0.7156383458076685,0.711,-0.004638345807668531
1322.0,3409.0,382.0,898.0,183.0,6.0,96.0,446.0,284.0,717.0,7.0,12.0,0.263,0.7277287192841532,0.727,-0.0007287192841531898
987.0,3459.0,531.0,929.0,214.0,19.0,171.0,560.0,358.0,737.0,48.0,34.0,0.269,0.8035299661362763,0.835,0.03147003386372371
1170.0,3790.0,725.0,1085.0,166.0,72.0,189.0,760.0,784.0,499.0,45.0,23.0,0.286,0.8567126432680142,0.928,0.07128735673198583
972.0,3187.0,500.0,788.0,193.0,28.0,122.0,399.0,492.0,947.0,53.0,43.0,0.247,0.7605789510636259,0.79,0.029421048936374095
856.0,2833.0,366.0,704.0,128.0,17.0,44.0,271.0,226.0,531.0,144.0,26.0,0.248,0.661140519876492,0.659,-0.0021405198764919975
963.0,3202.0,482.0,827.0,191.0,30.0,109.0,396.0,253.0,538.0,129.0,23.0,0.258,0.7389897949229421,0.759,0.020010205077057863
1672.0,5934.0,986.0,1674.0,339.0,24.0,299.0,1016.0,970.0,1360.0,48.0,42.0,0.282,0.8613214083851665,0.883,0.021678591614833542
2181.0,7318.0,796.0,1926.0,293.0,57.0,46.0,627.0,483.0,667.0,167.0,69.0,0.263,0.6570612142457493,0.648,-0.009061214245749238
1073.0,3112.0,415.0,789.0,185.0,12.0,86.0,379.0,387.0,531.0,23.0,19.0,0.254,0.7353804382120851,0.74,0.004619561787914894
1628.0,6249.0,839.0,1806.0,270.0,58.0,22.0,696.0,455.0,321.0,155.0,75.0,0.289,0.715573435893233,0.7,-0.015573435893233012
1277.0,4127.0,454.0,1100.0,186.0,26.0,36.0,422.0,279.0,607.0,44.0,31.0,0.267,0.664003220392351,0.665,0.0009967796076489899
1281.0,4103.0,612.0,1056.0,225.0,29.0,108.0,484.0,454.0,849.0,95.0,36.0,0.257,0.7241930631640987,0.737,0.012806936835901284
965.0,3974.0,759.0,1159.0,224.0,53.0,41.0,366.0,283.0,263.0,85.0,29.111971403812824,0.292,0.7498043890399331,0.746,-0.003804389039933076
1236.0,4442.0,656.0,1253.0,249.0,12.0,175.0,760.0,547.0,689.0,13.0,9.0,0.282,0.825655578689563,0.822,-0.0036555786895630105
814.0,2673.0,404.0,788.0,121.0,61.0,27.0,436.0,265.0,149.0,35.0,21.0,0.295,0.7691283757409898,0.776,0.006871624259010223
3026.0,10972.0,1949.0,3630.0,725.0,177.0,475.0,1951.0,1599.0,696.0,78.0,31.0,0.331,0.9921796252366655,0.976,-0.016179625236665496
992.0,2513.0,387.0,612.0,83.0,38.0,21.0,185.0,242.0,478.0,266.0,49.0,0.244,0.6428579541603903,0.646,0.003142045839609753
1034.0,3544.0,356.0,841.0,159.0,18.0,41.0,271.0,246.0,439.0,19.0,22.0,0.237,0.617443694987397,0.619,0.0015563050126029543
1196.0,4291.0,618.0,1042.0,198.0,18.0,173.0,557.0,437.0,1089.0,34.0,16.0,0.243,0.7520911682219716,0.734,-0.018091168221971654
1110.0,3840.0,417.0,929.0,129.0,15.0,77.0,366.0,389.0,529.0,22.0,24.0,0.242,0.6813117577164414,0.657,-0.02431175771644134
1780.0,5950.0,598.0,1562.0,239.0,33.0,61.0,571.0,452.0,742.0,56.0,57.0,0.263,0.6548321306971095,0.661,0.006167869302890483
1582.0,5730.0,1070.0,1558.0,309.0,62.0,178.0,829.0,1070.0,713.0,69.0,43.0,0.272,0.8034737421393224,0.831,0.027526257860677528
1956.0,7119.0,1163.0,1889.0,304.0,71.0,65.0,558.0,1036.0,416.0,203.0,111.0,0.265,0.7178577096317509,0.715,-0.0028577096317509154
1390.0,4019.0,524.0,963.0,150.0,22.0,179.0,559.0,508.0,944.0,14.0,11.0,0.24,0.768806315832489,0.752,-0.016806315832489038
1099.0,3282.0,289.0,831.0,168.0,12.0,69.0,346.0,155.0,557.0,9.0,14.0,0.253,0.6828977612881718,0.663,-0.019897761288171778
1340.0,4494.0,966.0,1216.0,236.0,35.0,41.0,379.0,1153.0,452.0,43.0,50.0,0.271,0.7511360386576504,0.789,0.037863961342349595
2175.0,7571.0,912.0,2109.0,392.0,42.0,185.0,972.0,632.0,926.0,40.0,35.0,0.279,0.7551005632905146,0.749,-0.00610056329051456
1755.0,6067.0,742.0,1590.0,294.0,5.0,282.0,1018.0,640.0,1054.0,25.0,9.0,0.262,0.8013169486557159,0.789,-0.012316948655715865
1941.0,7344.0,1125.0,1934.0,378.0,71.0,208.0,846.0,541.0,1526.0,346.0,98.0,0.263,0.753405391118469,0.738,-0.015405391118469058
1141.0,4163.0,699.0,1159.0,291.0,33.0,192.0,666.0,475.0,575.0,175.0,42.0,0.278,0.8080520030186413,0.857,0.048947996981358655
1546.0,5369.0,638.0,1453.0,273.0,21.0,162.0,745.0,418.0,938.0,23.0,22.0,0.271,0.7544428124395851,0.746,-0.008442812439585112
1495.0,4829.0,490.0,1311.0,266.0,27.0,84.0,595.0,343.0,579.0,14.0,25.0,0.271,0.7056913172575076,0.711,0.00530868274249241
1585.0,4993.0,660.0,1442.0,217.0,55.0,70.0,575.0,478.0,688.0,174.0,80.0,0.289,0.7485277169004534,0.745,-0.0035277169004533926
1441.0,5428.0,647.0,1486.0,239.0,21.0,133.0,728.0,337.0,434.0,14.0,14.0,0.274,0.743713976075543,0.714,-0.029713976075543047
1439.0,5611.0,895.0,1747.0,301.0,81.0,103.0,779.0,334.0,276.0,84.0,10.0,0.311,0.813588914167005,0.8,-0.013588914167004917
1749.0,6331.0,777.0,1802.0,337.0,62.0,117.0,754.0,323.0,781.0,248.0,92.0,0.285,0.7531382418675813,0.733,-0.020138241867581286
2213.0,8180.0,1359.0,2375.0,277.0,131.0,54.0,578.0,1129.0,907.0,558.0,257.0,0.29,0.7573452728344217,0.753,-0.004345272834421654
1234.0,3101.0,311.0,774.0,144.0,10.0,61.0,323.0,391.0,566.0,7.0,9.0,0.25,0.6844821775828174,0.695,0.010517822417182576
1678.0,5539.0,872.0,1348.0,302.0,41.0,249.0,816.0,630.0,1294.0,136.0,56.0,0.243,0.7654900416498551,0.769,0.0035099583501448928
970.0,3264.0,624.0,1140.0,175.0,41.0,113.0,542.0,333.0,122.0,36.0,0.0,0.349,0.9186039622609943,0.945,0.026396037739005673
1048.0,3165.0,284.0,781.0,167.0,9.0,67.0,387.0,331.0,526.0,4.0,8.0,0.247,0.6958419941598506,0.689,-0.006841994159850651
1392.0,4512.0,451.0,1114.0,169.0,23.0,40.0,423.0,328.0,348.0,17.0,29.0,0.247,0.6296096304578707,0.618,-0.011609630457870668
2158.0,7658.0,1091.0,2048.0,381.0,24.0,389.0,1376.0,891.0,1278.0,68.0,43.0,0.267,0.8220364079333065,0.818,-0.004036407933306507
1074.0,4127.0,665.0,1201.0,220.0,38.0,29.0,396.0,443.0,312.0,67.0,3.0,0.291,0.7515810654627085,0.748,-0.0035810654627085325
1652.0,6087.0,961.0,1671.0,339.0,29.0,218.0,782.0,868.0,1579.0,157.0,55.0,0.275,0.8073169374407749,0.824,0.016683062559225026
993.0,3274.0,327.0,834.0,162.0,5.0,87.0,452.0,198.0,429.0,9.0,17.0,0.255,0.702561457288745,0.684,-0.01856145728874492
1349.0,4700.0,688.0,1293.0,303.0,22.0,221.0,733.0,418.0,1186.0,32.0,14.0,0.275,0.8054177270477767,0.834,0.028582272952223264
1288.0,4367.0,508.0,1142.0,147.0,46.0,53.0,501.0,566.0,406.0,64.0,32.0,0.262,0.6977642865532843,0.702,0.004235713446715694
997.0,3331.0,416.0,792.0,163.0,21.0,140.0,426.0,393.0,740.0,23.0,10.0,0.238,0.7521189530497867,0.748,-0.004118953049786711
915.0,3454.0,474.0,946.0,147.0,53.0,21.0,525.0,151.0,128.0,92.0,29.111971403812824,0.274,0.6976569964846518,0.672,-0.025656996484651806
1384.0,4311.0,446.0,1007.0,156.0,17.0,106.0,501.0,551.0,643.0,9.0,14.0,0.234,0.7086910778036684,0.671,-0.037691077803668316
2082.0,7189.0,985.0,2029.0,317.0,25.0,246.0,1065.0,1263.0,1246.0,21.0,36.0,0.282,0.8203834672035987,0.824,0.003616532796401284
1225.0,3769.0,495.0,883.0,167.0,7.0,202.0,599.0,453.0,988.0,14.0,11.0,0.234,0.758595377161983,0.763,0.004404622838017014
1666.0,4772.0,550.0,1087.0,187.0,46.0,92.0,525.0,456.0,742.0,15.0,24.0,0.228,0.64706628772357,0.639,-0.008066287723569987
922.0,2693.0,304.0,686.0,88.0,20.0,19.0,249.0,201.0,531.0,31.0,20.0,0.255,0.6423239240681808,0.628,-0.014323924068180838
902.0,2735.0,310.0,695.0,96.0,4.0,136.0,422.0,200.0,395.0,8.0,7.0,0.254,0.7403343028812479,0.749,0.008665697118752091
1886.0,6652.0,926.0,1757.0,321.0,89.0,226.0,840.0,650.0,1064.0,74.0,51.0,0.264,0.7772034596429878,0.772,-0.00520345964298774
1204.0,4017.0,648.0,1061.0,195.0,16.0,101.0,461.0,510.0,676.0,212.0,98.0,0.264,0.7612395123262858,0.745,-0.016239512326285843
2933.0,11068.0,1524.0,3166.0,636.0,38.0,477.0,1707.0,848.0,1732.0,121.0,42.0,0.286,0.8452728539170613,0.819,-0.026272853917061356
2143.0,7161.0,1259.0,2116.0,358.0,85.0,407.0,1333.0,971.0,1237.0,99.0,50.0,0.295,0.9168185678771293,0.92,0.0031814321228706977
2012.0,7233.0,1007.0,1876.0,256.0,75.0,48.0,739.0,814.0,609.0,205.0,70.0,0.259,0.6809445221048185,0.671,-0.009944522104818443
1327.0,4063.0,415.0,1151.0,235.0,28.0,77.0,476.0,311.0,559.0,18.0,15.0,0.283,0.7391859317919024,0.75,0.010814068208097605
1130.0,3377.0,348.0,946.0,172.0,20.0,38.0,375.0,164.0,246.0,11.0,15.0,0.28,0.7077114696884657,0.69,-0.01771146968846571
910.0,2980.0,365.0,704.0,131.0,6.0,162.0,472.0,314.0,952.0,15.0,3.0,0.236,0.7616419280182279,0.757,-0.0046419280182279365
2108.0,7379.0,935.0,1904.0,363.0,55.0,110.0,723.0,565.0,1415.0,231.0,100.0,0.258,0.6948621670201868,0.679,-0.015862167020186724
1245.0,3901.0,462.0,942.0,206.0,18.0,134.0,505.0,343.0,785.0,18.0,16.0,0.241,0.7206151610747851,0.713,-0.007615161074785104
1403.0,5094.0,731.0,1397.0,227.0,71.0,67.0,438.0,282.0,866.0,327.0,98.0,0.274,0.7183168374729881,0.7,-0.01831683747298818
1688.0,5952.0,753.0,1647.0,263.0,56.0,60.0,596.0,259.0,691.0,238.0,124.0,0.277,0.6942133216138611,0.678,-0.01621332161386102
2968.0,10586.0,1445.0,2877.0,456.0,77.0,80.0,951.0,1028.0,1087.0,404.0,167.0,0.272,0.7158331472396255,0.688,-0.0278331472396256
1395.0,4260.0,698.0,1262.0,216.0,74.0,46.0,458.0,464.0,378.0,119.0,1.0,0.296,0.7824019688105104,0.782,-0.0004019688105103558
1609.0,5776.0,667.0,1418.0,332.0,31.0,157.0,690.0,300.0,1168.0,30.0,22.0,0.245,0.7069851070849527,0.685,-0.021985107084952604
930.0,2992.0,427.0,889.0,152.0,34.0,60.0,425.0,215.0,152.0,35.0,20.0,0.297,0.7659473656271327,0.78,0.014052634372867301
1118.0,4108.0,473.0,1162.0,218.0,11.0,109.0,566.0,179.0,784.0,36.0,21.0,0.283,0.7569899584343759,0.737,-0.0199899584343759
1135.0,4187.0,542.0,1066.0,210.0,7.0,174.0,537.0,183.0,996.0,15.0,4.0,0.255,0.7353227669610723,0.727,-0.00832276696107237
1670.0,6555.0,1094.0,1678.0,231.0,119.0,94.0,1019.0,527.0,498.0,382.0,29.111971403812824,0.256,0.7026152028151524,0.682,-0.02061520281515239
1798.0,6051.0,1022.0,1496.0,312.0,17.0,344.0,975.0,1032.0,1394.0,70.0,32.0,0.247,0.8121889612379306,0.836,0.02381103876206936
888.0,3101.0,392.0,787.0,159.0,5.0,140.0,470.0,199.0,459.0,4.0,12.0,0.254,0.7427386827942845,0.748,0.005261317205715543
1526.0,5683.0,737.0,1570.0,308.0,69.0,163.0,852.0,514.0,480.0,39.0,33.0,0.276,0.772865317522929,0.779,0.006134682477071052
1651.0,5606.0,712.0,1677.0,278.0,17.0,204.0,890.0,642.0,663.0,21.0,26.0,0.299,0.8403802007108423,0.833,-0.007380200710842333
1307.0,4615.0,590.0,1185.0,292.0,17.0,121.0,594.0,503.0,895.0,8.0,3.0,0.257,0.7416337443945809,0.736,-0.005633744394580864
1471.0,5507.0,788.0,1714.0,328.0,94.0,83.0,819.0,355.0,410.0,86.0,54.0,0.311,0.796042806786732,0.807,0.010957193213268046
1288.0,4554.0,647.0,1316.0,284.0,30.0,107.0,545.0,421.0,571.0,66.0,37.0,0.289,0.7762796420473933,0.783,0.006720357952606726
894.0,3207.0,490.0,925.0,192.0,42.0,73.0,420.0,246.0,382.0,61.0,29.111971403812824,0.288,0.7680840959631373,0.79,0.02191590403686272
2033.0,7127.0,973.0,2060.0,409.0,26.0,204.0,1106.0,833.0,825.0,60.0,39.0,0.289,0.8012164377040187,0.802,0.0007835622959813104
2311.0,9112.0,1532.0,2880.0,466.0,138.0,105.0,1244.0,728.0,272.0,419.0,74.0,0.316,0.8145717473902846,0.801,-0.01357174739028455
1103.0,2627.0,253.0,601.0,123.0,13.0,36.0,234.0,149.0,472.0,5.0,9.0,0.229,0.6040157222234619,0.595,-0.00901572222346192
1706.0,5484.0,735.0,1386.0,287.0,27.0,163.0,684.0,510.0,935.0,114.0,56.0,0.253,0.7322520888167711,0.733,0.000747911183228922
1299.0,4630.0,731.0,1274.0,231.0,70.0,108.0,489.0,381.0,626.0,231.0,46.0,0.275,0.7516686829987325,0.765,0.01333131700126755
861.0,3015.0,441.0,834.0,159.0,21.0,132.0,415.0,297.0,681.0,79.0,38.0,0.277,0.7875888601896425,0.823,0.035411139810357484
923.0,2857.0,436.0,853.0,155.0,28.0,80.0,398.0,256.0,509.0,90.0,43.0,0.299,0.8022100981055071,0.82,0.01778990189449281
960.0,3981.0,725.0,1098.0,152.0,92.0,58.0,594.0,349.0,222.0,381.0,29.111971403812824,0.276,0.7490380102937519,0.741,-0.008038010293751952
1400.0,5141.0,650.0,1246.0,230.0,63.0,95.0,471.0,318.0,810.0,97.0,48.0,0.242,0.6731793670357589,0.657,-0.01617936703575884
1020.0,3777.0,560.0,1047.0,169.0,8.0,218.0,685.0,369.0,512.0,14.0,18.0,0.277,0.8245130104859283,0.839,0.01448698951407168
1269.0,4623.0,657.0,1400.0,275.0,38.0,130.0,726.0,460.0,364.0,80.0,43.0,0.303,0.826462925905643,0.831,0.0045370740943569965
1971.0,6279.0,718.0,1579.0,270.0,34.0,80.0,607.0,634.0,1034.0,102.0,53.0,0.251,0.66804821794205,0.669,0.0009517820579499903
1664.0,5699.0,604.0,1440.0,211.0,96.0,25.0,620.0,415.0,443.0,185.0,64.0,0.253,0.6395217488365171,0.645,0.0054782511634828834
928.0,3648.0,728.0,1135.0,162.0,71.0,65.0,617.0,359.0,211.0,248.0,29.111971403812824,0.311,0.8356358844445062,0.824,-0.01163588444450625
1511.0,5914.0,1405.0,1753.0,313.0,108.0,42.0,719.0,809.0,206.0,473.0,29.111971403812824,0.296,0.7824349808137638,0.795,0.012565019186236204
2683.0,10835.0,1782.0,3319.0,605.0,114.0,234.0,1307.0,1094.0,1244.0,504.0,131.0,0.306,0.8271661396853873,0.817,-0.010166139685387376
1741.0,8618.0,1057.0,2309.0,391.0,143.0,34.0,1121.0,774.0,79.0,201.0,2.0,0.268,0.7105297039800266,0.69,-0.020529703980026626
1531.0,5839.0,711.0,1529.0,272.0,62.0,104.0,708.0,351.0,432.0,35.0,14.0,0.262,0.6999706545553525,0.686,-0.013970654555352402
1573.0,5026.0,585.0,1276.0,179.0,18.0,179.0,657.0,424.0,477.0,26.0,28.0,0.254,0.7358167595294349,0.716,-0.019816759529434957
2257.0,8096.0,1195.0,2333.0,444.0,32.0,399.0,1425.0,583.0,2003.0,128.0,81.0,0.288,0.8137797534519652,0.846,0.03222024654803479
2017.0,6964.0,936.0,1913.0,333.0,46.0,138.0,775.0,608.0,807.0,329.0,139.0,0.275,0.733292957561536,0.728,-0.005292957561536027
1553.0,5603.0,882.0,1818.0,399.0,110.0,181.0,997.0,520.0,553.0,94.0,0.0,0.324,0.8868015374004972,0.915,0.02819846259950287
1170.0,3899.0,492.0,1060.0,215.0,32.0,71.0,378.0,184.0,642.0,91.0,37.0,0.272,0.7098588136762131,0.715,0.005141186323786906
1691.0,5473.0,682.0,1488.0,288.0,42.0,80.0,571.0,401.0,839.0,179.0,62.0,0.272,0.7040536836961687,0.711,0.006946316303831246
924.0,2957.0,299.0,758.0,117.0,13.0,61.0,324.0,203.0,363.0,15.0,19.0,0.256,0.672020735758539,0.673,0.0009792642414609976
1352.0,4250.0,541.0,1113.0,162.0,35.0,48.0,438.0,310.0,439.0,97.0,48.0,0.262,0.6743678944571724,0.664,-0.010367894457172344
810.0,2681.0,334.0,696.0,152.0,10.0,46.0,312.0,323.0,294.0,91.0,51.0,0.26,0.7176892589409803,0.716,-0.001689258940980376
863.0,2808.0,422.0,716.0,171.0,29.0,89.0,353.0,296.0,905.0,68.0,18.0,0.255,0.7323975036229216,0.763,0.03060249637707846
1532.0,5014.0,563.0,1166.0,228.0,38.0,152.0,648.0,443.0,1306.0,45.0,40.0,0.233,0.7089689669275987,0.685,-0.023968966927598645
847.0,9072.0,1333.0,2645.0,411.0,135.0,47.0,1371.0,464.0,90.0,301.0,29.111971403812824,0.292,0.7820578578720073,0.71,-0.07205785787200736
1010.0,2733.0,372.0,722.0,140.0,9.0,96.0,358.0,538.0,611.0,26.0,18.0,0.264,0.7809234724989057,0.814,0.033076527501094244
888.0,2829.0,343.0,752.0,101.0,41.0,73.0,381.0,271.0,429.0,17.0,18.0,0.266,0.7313404566984245,0.739,0.007659543301575478
1397.0,5097.0,606.0,1315.0,158.0,35.0,219.0,721.0,302.0,526.0,41.0,32.0,0.258,0.7657086034618696,0.733,-0.032708603461869656
1399.0,4543.0,632.0,1140.0,230.0,40.0,155.0,550.0,516.0,1145.0,87.0,36.0,0.251,0.7550487634300068,0.752,-0.003048763430006818
1545.0,5699.0,772.0,1603.0,349.0,23.0,247.0,985.0,573.0,988.0,5.0,10.0,0.281,0.8167343399961708,0.829,0.012265660003829115
1265.0,4912.0,821.0,1275.0,239.0,80.0,43.0,643.0,358.0,656.0,61.0,29.111971403812824,0.26,0.6729248842031739,0.677,0.004075115796826179
2247.0,7962.0,1401.0,2519.0,592.0,37.0,369.0,1406.0,1335.0,1175.0,37.0,29.0,0.316,0.9538596271114604,0.953,-0.0008596271114604814
1720.0,6510.0,1001.0,1889.0,194.0,59.0,28.0,443.0,800.0,850.0,370.0,142.0,0.29,0.7503827555809764,0.719,-0.031382755580976474
1428.0,4208.0,552.0,1049.0,165.0,33.0,40.0,352.0,411.0,534.0,189.0,95.0,0.249,0.6414161379490346,0.648,0.0065838620509653945
1841.0,5307.0,768.0,1506.0,264.0,90.0,59.0,710.0,849.0,573.0,121.0,49.0,0.284,0.7711814263329551,0.794,0.022818573667044983
1849.0,7043.0,1258.0,1886.0,302.0,66.0,332.0,1024.0,914.0,1757.0,461.0,169.0,0.268,0.8316697388147362,0.824,-0.0076697388147362044
1624.0,4741.0,647.0,1208.0,218.0,40.0,42.0,390.0,589.0,663.0,103.0,49.0,0.255,0.6668699663107126,0.686,0.01913003368928745
868.0,3125.0,447.0,875.0,138.0,28.0,42.0,263.0,239.0,447.0,118.0,45.0,0.28,0.7308458115779821,0.715,-0.01584581157798215
817.0,2915.0,376.0,791.0,158.0,19.0,78.0,305.0,211.0,663.0,68.0,25.0,0.271,0.7277646229078377,0.745,0.017235377092162274
1456.0,4847.0,683.0,1412.0,284.0,16.0,139.0,684.0,524.0,687.0,17.0,19.0,0.291,0.8086061110408387,0.802,-0.006606111040838636
1111.0,2931.0,374.0,700.0,111.0,12.0,42.0,282.0,326.0,465.0,24.0,31.0,0.239,0.6503714714623603,0.648,-0.002371471462360275
1572.0,5506.0,602.0,1448.0,272.0,37.0,36.0,624.0,470.0,537.0,35.0,2.0,0.263,0.666123062363111,0.668,0.001876937636889009
2104.0,7984.0,1236.0,2212.0,412.0,111.0,131.0,1049.0,980.0,612.0,178.0,90.0,0.277,0.7739684431756289,0.765,-0.008968443175628837
